{"name":"SGS","targetUrl":"https://localhost:44351","counter":false,"bounce":false,"width":1280,"height":800,"showMenuBar":false,"whiteLabelEnabled":false,"paymentUrl":"","fastQuit":false,"userAgent":"Mozilla/5.0 (Windows NT 10.0; Win64; x64) AppleWebKit/537.36 (KHTML, like Gecko) Chrome/66.0.3359.181 Safari/537.36","nativefierVersion":"7.6.11","ignoreCertificate":false,"disableGpu":false,"ignoreGpuBlacklist":false,"enableEs3Apis":false,"insecure":false,"flashPluginDir":null,"diskCacheSize":null,"fullScreen":false,"maximize":false,"zoom":1,"internalUrls":null,"singleInstance":false,"clearCache":false,"win32metadata":{"ProductName":"SGS","InternalName":"SGS","FileDescription":"SGS"},"tray":false,"basicAuthUsername":null,"basicAuthPassword":null,"alwaysOnTop":false,"titleBarStyle":null,"globalShortcuts":null}